stop	tandemPos	hasTandem	counter	ratio
TAA	33498	11109	20593	0.5394551546642062
TAG	19101	5735	10605	0.5407826496935407
TGA	5374	1738	3049	0.570022958346999
