	Position	Ciliates X Alveolates	Ciliates X Eukaryotes	Ciliates X All	Alveolates X Eukaryotes
0	1	0.0006163128656073418	4.128249636442669e-05	3.6554415674752834e-05	0.1724898700604846
1	2	0.0006163128656073418	4.5291140631883584e-05	3.9537993775127244e-05	0.49095877893635953
2	3	0.0004422835781525009	3.117376596559068e-05	2.6618608860037225e-05	0.13999067891909256
3	4	0.0006163128656073418	3.4249484996557926e-05	3.121431260153663e-05	0.2506668812135532
4	5	0.0021411150038004824	9.34536459580733e-05	9.87606222886889e-05	0.13999067891909256
5	6	0.0008517948384769518	4.5291140631883584e-05	4.275077371647827e-05	0.22724745580571315
